True_Value,Predicted_Value,Set
3.5588,3.7274946426180158,Train
14.2926,14.275426943544831,Train
2.4108,2.6923533318746364,Train
15.6702,15.770186554547134,Train
-0.5166,-0.3844099576016618,Train
7.3472,7.422619903501435,Train
11.3652,11.489482060829088,Train
20.8362,20.77223386902452,Train
10.906,10.945439241635732,Train
-10.7338,-10.596233233726629,Train
5.9696,5.942501692549608,Train
14.35,14.344871980019912,Train
-5.9696,-5.856767319232648,Train
-0.1148,-0.1488031342943759,Train
11.8818,11.9335394276538,Train
4.592,4.670293118230672,Train
-1.9516,-2.044226872915017,Train
11.5374,11.524362846550504,Train
15.8998,15.904501657006733,Train
2.2386,2.2728853875645068,Train
17.2774,17.317408335081236,Train
12.5132,12.498816920060188,Train
9.6432,9.630419524777247,Train
11.9392,11.950716093504406,Train
-4.4198,-4.252288871852742,Train
10.3894,10.443526741935994,Train
17.0478,17.143265881021964,Train
7.2324,7.165134543951445,Train
12.628,12.495904612136155,Train
1.0906,0.9044977929706417,Train
13.202,13.275201962186719,Train
-2.583,-2.6382119233855352,Train
-2.1812,-2.165940193323456,Train
5.5104,5.653636343210486,Train
6.888,6.673107672528668,Train
11.9392,11.922151073170289,Train
-18.4254,-18.31093597049595,Train
8.7248,8.77621125630783,Train
14.35,14.14049140097253,Train
-1.0906,-0.8904650451602927,Train
11.2504,11.384102097118028,Train
8.5526,8.508278747653215,Train
6.4288,6.335914486141908,Train
-11.4226,-11.366848683808815,Train
11.8818,11.962597266375461,Train
-11.3078,-11.361078982630652,Train
-2.9274,-2.8995106785779905,Train
3.7884,3.8131491189717743,Train
-1.7794,-1.8417893430733474,Train
17.9662,18.104669033244093,Train
10.1598,10.306238448139517,Train
-0.287,-0.17583342851371328,Train
9.184,9.104855045021724,Train
2.3534,2.3447727190706233,Train
12.1688,12.457820569747339,Train
14.4074,14.357084255891392,Train
11.9392,12.020769572956052,Train
-3.8458,-3.795170527920698,Train
11.767,11.824837110149982,Train
-0.7462,-0.5198167422742337,Train
11.767,11.824837110149982,Train
9.3562,9.305476959521041,Train
1.3776,1.3925161172724645,Train
13.0872,13.259872449722582,Train
13.3168,13.28968039148844,Train
-12.1688,-12.061191995364604,Train
2.8126,2.919810058461808,Train
15.0388,15.096102934107957,Train
-0.0574,-0.08173956928058218,Train
21.1232,21.127149585993333,Train
16.1294,16.207337676955646,Train
-11.8244,-11.752339013423052,Train
-0.287,-0.017751080432433706,Train
2.6978,2.4251483508858835,Train
13.1446,13.063479829886496,Train
-2.1238,-2.363564847416658,Train
-10.1024,-10.119903031944915,Train
12.2262,12.100415366170369,Train
18.5402,18.457719122819682,Train
-3.7884,-3.783396615070041,Train
10.332,10.400151801188292,Train
8.323,8.334861566771952,Train
4.7642,4.750065756605446,Train
12.915,12.768975155801469,Train
2.87,2.876218613339036,Train
-6.3714,-6.348185611860748,Train
-11.5374,-11.517324730806795,Train
7.2898,7.111016511580219,Train
1.7794,1.965151649319615,Train
9.184,9.070361367132968,Train
9.3562,9.305476959521041,Train
1.435,1.7743541605392956,Train
15.211,15.034451933102748,Train
7.5194,7.35398180214587,Train
7.2324,7.10899656261535,Train
14.1204,14.111204111869856,Train
0.861,1.1112159082142938,Train
0.6314,0.720088241836684,Train
-11.8818,-11.754841691838529,Train
-1.148,-1.14292998816555,Train
17.8514,18.042327019631877,Train
8.4378,8.627315651753548,Train
7.749,8.007564633539948,Train
4.8216,4.8487824006894105,Train
8.4378,8.549051070799948,Train
5.5678,5.236390966896571,Train
3.5588,3.459392205648136,Train
12.8576,12.633887571481244,Train
16.933,16.917187134579063,Train
4.0754,3.841786238842227,Train
10.5042,10.4543935424767,Train
10.7338,10.740870954342547,Train
6.7732,6.887150454485319,Train
2.1238,2.203880441215959,Train
2.9274,3.0560374830693795,Train
-3.7884,-3.8676528185461683,Train
-8.2656,-8.289594283844236,Train
13.6038,13.461388981109824,Train
15.6702,15.587025926341752,Train
0.1722,0.10700764806670107,Train
9.5858,9.484838714313806,Train
10.9634,11.169395563852719,Train
2.6978,2.7203155705291877,Train
11.4226,11.227637752628977,Train
16.933,16.917187134579063,Train
9.0118,8.767207842682314,Train
4.5346,4.490423281566812,Train
12.8576,12.85318467802321,Train
13.6038,13.315142282498716,Train
4.3624,4.335532553860012,Train
-2.1812,-2.229056151968332,Train
18.1384,18.126657156596245,Train
9.8154,9.959515971843388,Train
6.1992,6.2494361147804804,Train
1.2628,1.1242270820875142,Train
14.637,14.672444647968565,Train
0.1722,-0.09520647503895664,Train
13.7186,13.700069412867434,Train
0.6314,0.6993421174587292,Train
4.305,4.375197312992592,Train
6.0844,6.1285852509410095,Train
7.2898,7.111016511580219,Train
7.2324,7.054191070079443,Train
5.9122,5.870124192790503,Train
1.148,1.143995835242527,Train
4.5346,4.545586012580249,Train
15.6702,15.770186554547134,Train
20.2622,20.097532169885177,Train
18.3106,18.42392965667828,Train
15.5554,15.358380037346883,Train
8.2082,8.474503902812282,Train
-3.8458,-3.832945509487869,Train
7.2324,7.352150601583003,Train
-1.8368,-1.9314929934153742,Train
1.8368,1.9319186114418512,Train
-11.8244,-11.79969521286266,Train
9.184,9.070361367132968,Train
15.8424,15.8878098255895,Train
4.7642,4.801401173736895,Train
6.4288,6.38796004008897,Train
14.4648,14.7109145774813,Train
15.785,15.970747480416392,Train
19.229,19.16216204344502,Train
-6.5436,-6.748861033854447,Train
-6.7732,-6.586899672273596,Train
-8.4378,-8.24963908833238,Train
18.1384,18.0964180705521,Train
1.3776,1.4393883937718526,Train
15.211,15.248142446106913,Train
4.018,4.121747383243661,Train
-6.1992,-6.309941585876811,Train
12.4558,12.369232297347356,Train
-3.8458,-3.897784286215159,Train
13.0298,12.905682802639928,Train
11.0782,10.707382258449714,Train
5.9122,6.137132577967206,Train
57.4,57.3154258508864,Train
9.471,9.515175847408349,Train
-0.5166,-0.43992180178273127,Train
4.1902,4.100624829668561,Train
3.5014,3.9141444631222857,Train
9.0692,8.991835577243274,Train
0.6888,0.5690946276063034,Train
-4.1328,-4.046709976096277,Train
4.1902,4.401220392917313,Train
22.673,22.522865777213163,Train
19.4012,19.393155997562122,Train
9.0692,9.0250793615881,Train
18.1384,18.0964180705521,Train
16.5886,16.648893915981432,Train
-5.5104,-5.6914524640234525,Train
5.7974,5.864635559053012,Train
-4.1902,-3.930609599557536,Train
4.592,4.635510187898672,Train
-1.2628,-1.5176236381803012,Train
-8.2082,-8.21920835665637,Train
19.6882,19.608537487012477,Train
14.2926,14.275195571237623,Train
-0.1148,-0.1045792129383065,Train
0.6888,0.7919674439996608,Train
9.6432,9.43759414506941,Train
6.3714,6.36782918412516,Train
-3.7884,-3.6577412738792043,Train
8.2656,8.366056522367487,Train
11.9392,11.938066709185387,Train
-13.3168,-13.255886894181943,Train
-2.9274,-2.883487215418975,Train
5.9122,5.845076813055499,Train
7.5768,7.320319895739235,Train
7.3472,7.347417046128343,Train
-2.009,-1.9373908992122328,Train
4.592,4.599974762434455,Train
-4.5346,-4.507426382742569,Train
13.8334,13.764939892196708,Train
-5.7974,-5.785495609071089,Train
9.6432,9.658519912009185,Train
5.9122,5.870124192790503,Train
8.323,8.222377553581682,Train
4.4772,4.719439210458596,Train
2.0664,2.278672112639591,Train
7.6916,7.59201633951821,Train
7.1176,7.187115844505853,Train
12.341,12.57800103904909,Train
17.6792,17.446995694271944,Train
10.906,10.886489937686937,Train
-2.9274,-3.096980611480297,Train
19.6308,19.588935823008022,Train
14.1204,14.111204111869856,Train
18.1384,18.0964180705521,Train
7.2898,7.520639258357813,Train
4.018,3.945873459817367,Train
12.8002,12.726581198758387,Train
11.5948,11.712540162830786,Train
5.9122,5.679884226953634,Train
4.4772,4.570522397962397,Train
5.2234,5.062958634884541,Train
2.583,2.7471456947994484,Train
-5.2808,-5.034370648209467,Train
15.5554,15.491820058941387,Train
3.3866,3.1403912352617724,Train
15.8424,15.8878098255895,Train
16.5886,16.648893915981432,Train
15.7276,15.58639867178036,Train
5.3382,5.334671099707047,Train
-11.8818,-11.754841691838529,Train
0.9758,0.9564367620171694,Train
-11.5374,-11.600117218991832,Train
15.3258,15.343225771211836,Train
2.009,1.8179926994712443,Train
11.0782,11.00659233353633,Train
16.1294,15.945320711785426,Train
6.8306,6.739759182031258,Train
-5.2234,-5.383405603230278,Train
6.7158,6.909139333552255,Train
1.6072,2.0325925208209683,Train
8.9544,8.601007107065595,Train
-5.5678,-5.6275236373821595,Train
2.3534,2.5465032073667127,Train
12.2262,12.047124089227383,Train
9.3562,9.169416950546038,Train
14.5796,14.677853250478691,Train
16.0146,16.185812820009126,Train
13.202,13.275201962186719,Train
-0.5166,-0.43992180178273127,Train
16.3016,16.312005165738555,Train
2.2386,2.3059322298603804,Train
-4.1328,-3.8628030466823566,Train
5.5678,5.525097334074144,Train
-3.2144,-3.263500652629734,Train
6.2566,6.304438897908044,Train
8.036,8.120532127785424,Train
-3.0996,-2.911433282718434,Train
4.8216,4.84107916110218,Train
4.6494,4.746775585654779,Train
15.4406,15.406807945290856,Train
13.2594,12.838275031803635,Train
4.1328,4.040844501496143,Train
13.0872,13.114063011052927,Train
-6.8306,-6.667585328038122,Train
4.3624,4.5139934466739415,Train
0.574,0.6901719936567349,Train
4.5346,4.632730313029726,Train
5.453,5.6753374780188155,Train
11.48,11.51657126167792,Train
-7.175,-7.17047493488928,Train
2.2386,2.5413197363746542,Train
13.0872,13.114063011052927,Train
2.1812,2.220427851952278,Train
0.4018,0.2497638635348302,Train
7.749,7.5332261556874,Train
2.583,2.9244621548348717,Train
17.3922,17.227952785878326,Train
-5.2808,-5.46221803558478,Train
9.3562,9.251266456806057,Train
12.1114,11.871988082911463,Train
5.3382,5.50183958459824,Train
0.574,0.5004036791000268,Train
9.3562,9.305476959521041,Train
-4.3624,-4.511653129750648,Train
-2.3534,-2.7226653279296795,Train
19.6308,19.442418465520962,Train
12.2262,12.393259963181311,Train
7.175,7.030113666986438,Train
3.2718,3.1394516878235414,Train
11.8244,11.902734555217254,Train
1.4924,1.2568868324775524,Train
4.4772,4.744265815428568,Train
11.1356,11.084268371934312,Train
2.7552,2.704368696522417,Train
4.1328,4.206007569608128,Train
0.1722,-0.046515414062776414,Train
-0.1148,-0.1574942236492503,Train
13.8334,13.764939892196708,Train
19.7456,19.774926591612452,Train
9.0692,8.9242983134972,Train
4.592,4.461713380185143,Train
15.0962,14.899246509055292,Train
-6.027,-6.06297134549977,Train
9.471,9.515175847408349,Train
-15.8424,-15.823073694101689,Train
1.6646,1.5673182373540144,Train
0.1722,0.05868137219218881,Train
13.4316,13.360019576869401,Train
10.9634,11.169395563852719,Train
12.3984,12.414599605746604,Train
4.018,4.061247146962936,Train
3.5588,3.5060406356891414,Train
-6.9454,-6.959434937838008,Train
7.9212,7.702629922675051,Train
17.9088,17.848975447555034,Train
5.5678,5.412056495081702,Train
11.5948,11.677712540936396,Train
6.7732,6.887150454485319,Train
-2.2386,-2.0619364297394003,Train
4.8216,4.84107916110218,Train
10.9634,10.915460051837375,Train
12.341,12.245005496388734,Train
5.3382,5.4269291451919734,Train
1.8368,1.8227206652566317,Train
5.166,5.267751754650076,Train
9.758,9.938712857207356,Train
11.6522,11.85221750331068,Train
9.0118,8.927844584194528,Train
13.7186,13.681823264054573,Train
22.7304,22.72440832236725,Train
1.0332,0.6963200140074056,Train
-0.0574,-0.08173956928058218,Train
16.1868,16.08508681886821,Train
-0.8036,-0.763986289465929,Train
16.5886,16.928334679407325,Train
11.3078,11.291532517186024,Train
3.5588,3.434740636080452,Train
-6.4862,-6.512495355668145,Train
14.063,13.94600278093783,Train
1.9516,2.122949345570964,Train
4.305,4.375197312992592,Train
-8.61,-8.591137750173173,Train
11.9392,11.922151073170289,Train
15.7276,15.76210719256202,Train
3.6162,3.6808815281917573,Train
-9.0118,-8.988743505201606,Train
4.5346,4.248373511514645,Train
-0.9758,-1.0658291550602412,Train
16.8756,16.853198881309275,Train
-4.4198,-4.768674079520028,Train
7.1176,7.115970384326434,Train
13.3168,13.286308439616446,Train
13.489,13.30563978526118,Train
12.1114,12.222157634843462,Train
18.0236,18.063303231649094,Train
-10.332,-10.446106882683814,Train
15.6702,15.619122869212255,Train
7.8638,7.64950825440561,Train
10.2746,10.420861366869401,Train
-1.6646,-1.728412582610791,Train
10.3894,10.482116180479755,Train
-11.7096,-11.667734285843704,Train
-2.1812,-2.10557392133958,Train
-0.4018,-0.4926103081630581,Train
18.1384,18.0964180705521,Train
13.6038,13.461388981109824,Train
12.915,12.804879933824877,Train
12.2836,12.445836449629219,Train
10.5616,10.671378182168926,Train
16.1294,16.094506135246718,Train
19.803,19.693942638333386,Train
4.018,3.7313024241519344,Train
10.4468,10.282506109479145,Train
9.6432,9.522862109234387,Train
3.5588,3.4703694401493532,Train
-1.148,-1.1112523119364568,Train
23.247,23.186204590557487,Train
3.5588,3.459392205648136,Train
17.507,17.521995363352982,Train
8.2082,8.06974734999947,Train
3.3866,3.7499699846276373,Train
1.8368,2.0515781224558194,Train
14.637,14.672444647968565,Train
-0.287,-0.6001933626823106,Train
-1.7794,-1.6757797104375334,Train
6.314,6.165168103611869,Train
19.4586,19.438812667502184,Train
8.5526,8.707926369352757,Train
9.5858,9.498992066988825,Train
-7.6342,-7.7882115813553785,Train
11.9392,12.020769572956052,Train
-8.0934,-8.207632227818278,Train
13.3168,13.162494659833712,Train
5.7974,6.065262465247011,Train
17.8514,17.8558238295543,Train
-11.8244,-11.752339013423052,Train
-0.4592,-0.43448389966383066,Train
-7.0028,-6.892967368199901,Train
7.2898,7.557285541396243,Train
6.4288,6.38796004008897,Train
-6.9454,-6.909859724976534,Train
-9.5284,-9.496023634301569,Train
15.0388,15.096102934107957,Train
19.516,19.474502704450302,Train
-5.9696,-5.887073941954285,Train
21.4102,21.388870600277397,Train
8.4378,8.594577875987945,Train
12.3984,12.414599605746604,Train
21.812,21.774080361256267,Train
6.4862,6.645973882254428,Train
-1.148,-1.2818184424398011,Train
0.6314,0.7060116334120708,Train
0.2296,0.31479138144873103,Train
4.4772,4.175476739198873,Train
-2.1238,-1.9731624388207714,Train
1.9516,1.6965989506371044,Train
6.4862,6.645973882254428,Train
2.8126,2.919810058461808,Train
-11.767,-11.589741537434968,Train
15.498,15.437872622674973,Train
15.9572,15.779611182538314,Train
12.3984,12.414599605746604,Train
5.74,5.6626119600825975,Train
-4.2476,-4.308674858149542,Train
5.8548,5.999607008708379,Train
-2.8126,-2.6510354825256126,Train
9.7006,9.841801850574223,Train
8.323,8.27188565376138,Train
6.5436,6.32264835937836,Train
4.9364,4.953455524975585,Train
16.9904,16.894900257368253,Train
18.1384,18.1170917388868,Train
13.3742,13.52409961327665,Train
8.897,8.918737918662453,Train
12.1114,12.001766498175106,Train
13.5464,13.798199113404216,Train
7.8064,7.492411462273981,Train
3.3866,3.4620659634561908,Train
-2.296,-2.405456953871457,Train
2.1238,2.033970987768875,Train
13.776,13.814888748648999,Train
7.3472,7.236770066213753,Train
15.498,15.437872622674973,Train
16.1868,16.08508681886821,Train
10.3894,10.552784690040982,Train
9.6432,9.522862109234387,Train
18.8272,18.911873783331277,Train
0.1722,0.07789264688364296,Train
7.9786,7.852310766865157,Train
5.3382,5.113520712663766,Train
-7.6916,-7.675247341930022,Train
8.4378,8.239916635165471,Train
12.915,12.995419383902606,Train
12.5132,12.498816920060188,Train
-8.036,-7.765898811636217,Train
0.9758,1.1246705224078746,Train
13.8908,13.985222218474602,Train
4.592,4.670293118230672,Train
10.2746,9.982889052963364,Train
6.1992,6.2494361147804804,Train
-3.0422,-3.118991917093306,Train
9.3562,9.343352455232846,Train
2.009,2.260551466720221,Train
17.9088,17.800368066674245,Train
8.036,8.120532127785424,Train
15.8424,15.8878098255895,Train
10.045,9.981477335552489,Train
-2.4108,-2.156199400621859,Train
0.9184,0.9109881006682713,Train
4.3624,3.941936170063648,Train
19.5734,19.526073430977675,Train
-9.1266,-9.012556009892291,Train
16.1868,16.13000503418677,Train
10.7912,10.707562779378296,Train
15.9572,15.894636533862009,Train
7.5768,7.935811946706648,Train
-12.5706,-12.523437072043803,Train
13.7186,13.681823264054573,Train
15.0388,15.096102934107957,Train
11.9966,11.993552725913268,Train
12.2836,12.31419930997687,Train
5.5104,5.483758672386011,Train
1.5498,1.4799862201653609,Train
21.9268,21.91557111079339,Train
-1.2054,-1.1665888128252055,Train
7.749,7.736491174274872,Train
0.2296,0.15963105194305108,Train
1.8942,1.9536731599197978,Train
4.5346,4.632730313029726,Train
11.8818,11.759285753163878,Train
-0.6314,-0.4761185479522399,Train
14.7518,14.527335602222838,Train
6.314,6.174363370328443,Train
-8.8396,-8.864379436692062,Train
4.3624,4.417761745872094,Train
18.3106,18.306069451897407,Train
-0.287,-0.06474419491063053,Train
17.9088,17.800368066674245,Train
13.2594,13.223790931368674,Train
1.5498,1.4799862201653609,Train
16.5312,16.268830348661638,Train
-1.0906,-1.0529017051788332,Train
1.2628,1.1144048755223053,Train
7.9212,8.153019517554347,Train
-2.8126,-2.9177947183560797,Train
2.0664,2.148039958984592,Train
7.462,7.384490897968215,Train
2.87,2.56631717406449,Train
7.9786,7.792469528245114,Train
4.2476,4.152257702641863,Train
8.2082,8.068574418345298,Train
6.5436,6.32264835937836,Train
0.9758,0.9454833080160868,Train
-0.6888,-0.3946816489405194,Train
12.2836,12.356002357146414,Train
-2.3534,-2.296501803063861,Train
16.1294,15.968828912001753,Train
5.5104,5.474660478044845,Train
5.166,5.31742402722504,Train
9.471,9.529914950158929,Train
-2.2386,-1.9788023254598257,Train
16.8756,17.006220475343603,Train
-2.0664,-2.2558533110922454,Train
-3.5588,-3.5398038789510764,Train
5.3956,5.697951652475791,Train
2.583,2.4483591171250256,Train
-9.6432,-9.4837887125893,Train
7.175,7.2193652903926955,Train
4.1902,4.35401284034679,Train
7.8064,7.486533732433024,Train
6.2566,5.985976081129154,Train
7.6916,7.525402575996744,Train
18.3106,18.1662716866793,Train
9.6432,9.522862109234387,Train
-6.4288,-6.384657071944455,Train
11.2504,11.384102097118028,Train
8.7248,8.815480396235687,Train
14.8092,15.000105710725654,Train
6.4288,6.335914486141908,Train
15.1536,15.268069514976998,Train
25.8874,25.841970357537267,Train
1.722,1.7615900881566517,Train
-4.9364,-4.908366657453222,Train
11.2504,11.313358031447613,Train
-5.3956,-5.545572513398619,Train
5.2234,5.042925306365032,Train
2.6978,2.6897940934568902,Train
5.8548,5.769233016710101,Train
15.785,15.662974753071484,Train
9.1266,8.98604588463735,Train
11.8818,11.728428302148457,Train
-1.9516,-2.044226872915017,Train
6.9454,6.77660735834544,Train
-8.7822,-8.512537627912085,Train
9.0692,8.991835577243274,Train
11.5948,11.677712540936396,Train
-1.0332,-0.9973777449116956,Train
9.184,9.155956420516711,Train
19.4012,19.393155997562122,Train
-15.8998,-15.552896436930753,Train
16.8756,17.006220475343603,Train
2.9274,2.799629426083102,Train
15.5554,15.628308969640475,Train
4.8216,4.64335826481878,Train
14.2926,14.120773261627676,Train
5.9696,6.091927372119623,Train
6.4862,6.531703241457658,Train
1.0332,1.2937808336397318,Train
2.7552,2.4940954172013523,Train
9.6432,9.658519912009185,Train
0.4018,0.5437749208072019,Train
3.6736,3.7830836350514576,Train
7.175,7.2193652903926955,Train
9.5858,9.561938314624502,Train
1.0906,0.9915695747033515,Train
15.5554,15.628308969640475,Train
9.8154,10.116735028058224,Train
2.2386,2.1863860276640943,Train
12.8002,12.752767132033082,Train
12.341,12.57800103904909,Train
7.3472,7.236770066213753,Train
13.7186,13.700069412867434,Train
-1.6646,-1.4711027610382434,Train
15.4406,15.406807945290856,Train
5.9122,6.000387724792788,Train
13.6038,13.346161398909496,Train
19.4012,19.393155997562122,Train
7.6342,7.593849778260757,Train
4.7068,4.655790281312961,Train
-8.2656,-8.273940615661342,Train
16.072,15.954132987398173,Train
15.5554,15.667077472385474,Train
15.6702,15.680088165246499,Train
15.2684,15.338390894895797,Train
14.924,14.917808134284991,Train
3.731,3.6964104375635634,Train
17.9088,17.800368066674245,Train
-1.8942,-1.7204044711113293,Train
-3.3866,-3.4314340084857813,Train
10.2746,10.071375062802522,Train
5.9696,5.802098464522082,Train
16.1868,16.13000503418677,Train
4.879,4.69551190144927,Train
6.4862,6.344971463230737,Train
15.3258,15.275947623777494,Train
-5.9696,-5.74813137141755,Train
5.8548,5.840136824900059,Train
10.906,10.945439241635732,Train
9.8154,9.959515971843388,Train
10.3894,10.710398725593665,Train
18.4828,18.406118491413796,Train
14.4648,14.871162792147585,Train
12.7428,12.573697941182354,Train
7.9786,7.987289109709097,Train
-6.5436,-6.7540315995738975,Train
-11.0782,-10.975345501974106,Train
20.2622,20.097532169885177,Train
0.1148,-0.0657904008527602,Train
21.8694,21.90867189243248,Train
-8.2656,-8.311824991587853,Train
8.7248,8.63616320629218,Train
11.7096,11.725334800238434,Train
-3.0996,-3.020403308466076,Train
11.9392,11.950716093504406,Train
11.767,11.64493405292351,Train
14.1204,14.111204111869856,Train
18.1384,18.0964180705521,Train
-5.6826,-5.639205436367215,Train
6.9454,6.8832089988542275,Train
18.0236,18.063303231649094,Train
1.5498,1.67648784464053,Train
-1.148,-0.8906561465256848,Train
6.3714,6.462828787359561,Train
7.0028,6.668809676790311,Train
5.1086,5.364335400921311,Train
10.5042,10.336230025919349,Train
10.1598,9.993304662262892,Train
17.9088,17.83968720742433,Train
11.9392,11.938066709185387,Train
5.9696,5.976642415570473,Train
6.7732,6.702366216285172,Train
18.0236,18.063303231649094,Train
12.341,12.288467568585396,Train
-3.7884,-3.645503001405593,Train
8.4952,8.420224624867824,Train
-1.8368,-1.8937925557662059,Train
-13.4316,-13.449461727262612,Train
1.0332,1.0879841088413962,Train
15.211,15.142907035190627,Train
-11.0208,-10.980807075095745,Train
16.0146,15.8933228821096,Train
3.3866,3.266356646149325,Train
8.8396,8.70146953123393,Train
-4.4198,-4.3776785341403075,Train
2.1238,2.241181888380414,Train
11.8244,11.70942202742701,Train
15.8424,15.8878098255895,Train
10.1598,10.392811192269102,Train
0.9184,0.7987976701719278,Train
3.444,3.169231817696544,Train
3.3866,3.468175250337217,Train
13.8908,13.68847395637741,Train
-9.184,-9.114654912529732,Train
0.5166,0.9566453221396928,Train
5.3956,5.129675289662993,Train
19.4012,19.393155997562122,Train
4.0754,4.2290162936195514,Train
18.1384,18.0964180705521,Train
16.1294,15.968828912001753,Train
17.6792,17.472391379260287,Train
2.1812,1.933935003897608,Train
3.8458,3.9826718364483304,Train
6.5436,6.257325579696276,Train
6.8306,6.97577648675528,Train
5.6252,5.946667929546255,Train
9.184,9.222143267439789,Train
0.8036,0.8688785464905259,Train
9.184,9.155956420516711,Train
17.507,17.521995363352982,Train
1.6072,1.5584207872195783,Train
9.2988,9.407566802479513,Train
0.9758,1.0199010183672772,Train
2.583,2.2908410485457424,Train
12.341,12.288467568585396,Train
3.0996,2.8827329078824198,Train
11.0782,10.904054702105608,Train
-2.583,-2.9082421694151463,Train
16.1868,16.13000503418677,Train
21.0084,21.058624995802052,Train
16.8756,17.006220475343603,Train
-2.009,-2.071232543510446,Train
1.435,1.5902813396838915,Train
8.897,8.858525192505393,Train
10.6764,10.71090351338835,Train
9.0118,8.911395995293358,Train
-0.9758,-1.083294975154769,Train
7.175,7.2193652903926955,Train
-7.5194,-7.462733479079909,Train
10.906,10.969055158309462,Train
5.3382,5.50183958459824,Train
4.1328,4.3378177548460615,Train
14.1778,13.950184157227946,Train
4.1902,4.248586887137669,Train
8.4378,8.239916635165471,Train
10.045,9.835751910020393,Train
13.776,13.806452146434795,Train
4.9364,4.953455524975585,Train
7.175,7.059196035281856,Train
-3.0996,-2.907031795957891,Train
20.8362,20.77223386902452,Train
10.1598,10.339016707029787,Train
7.0028,6.7540627231357915,Train
12.5706,12.407865644236763,Train
19.4586,19.438812667502184,Train
-6.4862,-6.292269171012674,Train
6.6584,6.494297832142856,Train
-10.1024,-10.014882429385365,Train
15.8424,15.831912206326484,Train
12.8576,12.626064193848649,Train
7.0602,7.031250997687117,Train
-0.6314,-0.6663229945817429,Train
14.063,13.94600278093783,Train
1.148,1.2575468389841293,Train
1.0332,0.8622198981217009,Train
4.5346,4.545586012580249,Train
15.6702,15.770186554547134,Train
12.054,11.982192784631518,Train
-3.2144,-3.263500652629734,Train
-5.0512,-5.087961585657252,Train
11.0782,11.052184386669747,Train
5.2808,5.319040326877317,Train
6.6584,6.378690841364769,Train
-4.3624,-4.5373927650514885,Train
-11.8244,-11.766910608158062,Train
-9.9302,-9.81372265600042,Train
-10.3894,-10.385350330251725,Train
2.009,1.792760799890136,Train
6.601,6.664061160281435,Train
11.3652,11.489482060829088,Train
7.0028,6.7540627231357915,Train
-0.6314,-0.42599190011748334,Train
-1.0332,-1.2437826730642598,Train
-5.5678,-5.76223919372576,Train
6.1992,6.381632353231084,Train
1.8368,1.9443181782259418,Train
-11.9966,-11.838420148350552,Train
3.3292,3.527913472320115,Train
-0.6888,-0.7664672724098894,Train
4.7642,4.710643347060851,Train
1.148,1.2941772021601363,Train
10.3894,10.29600222693292,Train
4.8216,4.803604865488889,Train
16.1868,16.13000503418677,Train
13.8334,13.764939892196708,Train
0.9184,1.1168960164471722,Train
9.6432,9.462283617968827,Train
11.9392,11.688494776276174,Train
-12.628,-12.703780947079782,Train
11.3078,11.291532517186024,Train
13.202,13.275201962186719,Train
7.175,7.186835261421971,Train
10.906,10.682377976284679,Train
7.2324,7.352150601583003,Train
6.1992,6.396960135071509,Train
16.646,16.603958772688824,Train
2.1238,2.033970987768875,Train
16.646,16.48142193834521,Train
7.9786,7.907767968666798,Train
-2.4682,-2.473572055446639,Train
10.5616,10.671378182168926,Train
9.8728,9.806393734338556,Train
13.7186,13.700069412867434,Train
16.5886,16.578526788218387,Train
3.444,3.456746720897278,Train
0.9184,1.0901790254197739,Train
6.4862,6.647072954153967,Train
14.2926,14.383847134781421,Train
18.1384,18.126657156596245,Train
8.61,8.333301261538937,Train
14.6944,14.808293490486426,Train
18.1384,18.0964180705521,Train
2.87,2.6134721794850964,Train
0.861,0.996852622360163,Train
3.157,3.55476816977664,Train
4.7642,4.710643347060851,Train
-0.7462,-0.7846605259364507,Train
7.0602,6.793127814564008,Train
4.0754,4.122493232597425,Train
12.4558,12.492938946137691,Train
15.211,15.263672246168378,Train
6.8306,6.7503793631582925,Train
13.3168,13.162494659833712,Train
4.305,4.375197312992592,Train
-8.7248,-8.685258597389808,Train
16.3016,16.294194349943982,Train
5.5104,5.334011379205405,Train
9.8728,9.721910495518147,Train
8.61,8.57226142365095,Train
15.211,15.279440371677143,Train
9.3562,9.439682802368278,Train
14.35,14.565168109296664,Train
9.184,9.359063943858288,Train
5.9122,6.194255315579106,Train
14.5796,14.646545913791002,Train
12.2262,12.100415366170369,Train
-3.8458,-3.7198292438071414,Train
7.9786,7.9814057894595285,Train
3.2718,3.286199033532324,Train
9.6432,9.513740022160183,Train
19.4012,19.393155997562122,Train
16.1868,16.08508681886821,Train
6.027,5.98755498050025,Train
14.2352,14.312985002171267,Train
7.462,7.384490897968215,Train
6.4288,6.19541733766908,Train
19.0568,18.94350001553009,Train
16.1294,16.094506135246718,Train
11.8818,11.89989691011441,Train
18.0236,18.05723683452444,Train
12.341,12.387422127738018,Train
-1.8942,-1.6147266748024849,Train
13.9482,13.92709171285874,Train
1.2054,1.434533119852624,Train
10.2172,10.20559309556505,Train
-7.0602,-7.064977380941628,Train
6.4862,6.519104961002107,Train
3.731,3.819812934345404,Train
14.924,14.92687734237315,Train
3.3866,3.254841699945149,Train
-5.9122,-5.769620315461984,Train
16.1294,16.207337676955646,Train
9.6432,9.554181012492784,Train
14.1778,14.311729222493485,Train
15.8424,15.89108305533224,Train
3.444,3.3428393562348693,Train
13.8334,13.708002357667334,Train
15.5554,15.628308969640475,Train
2.2386,2.3059322298603804,Train
5.9122,6.020786595244309,Train
13.776,13.814888748648999,Train
5.6252,5.754599032472591,Train
14.2926,14.020722126795679,Train
4.592,4.5533956445934605,Train
11.9966,11.993552725913268,Train
3.6736,3.8119421048269926,Train
14.637,14.632249053174418,Train
2.583,2.4483591171250256,Train
15.0388,15.096102934107957,Train
5.9122,6.137132577967206,Train
5.8548,5.999607008708379,Train
3.2144,3.3389842277313817,Train
-4.3624,-4.041890343229637,Train
-12.341,-12.291188833720915,Train
-1.435,-1.3803778024863131,Train
3.5014,3.554533268388517,Train
19.4586,19.438812667502184,Train
10.2746,10.432415306213674,Train
7.175,7.1851460860202145,Train
1.0332,0.8692280722439356,Train
9.0692,9.0250793615881,Train
10.619,10.514681666902264,Train
3.5588,3.4732355206422443,Train
-14.7518,-14.625409650369255,Train
13.8334,13.764939892196708,Train
23.7636,23.65368897604382,Train
8.3804,8.4191905784757,Train
14.4648,14.589962577566837,Train
9.3562,9.439682802368278,Train
11.0208,10.76566169851663,Train
0.6888,0.5643732851758164,Train
-1.7794,-1.685509707731436,Train
-1.0332,-1.1946051492056373,Train
3.731,3.814641184869798,Train
8.7822,8.878266488609404,Train
9.0692,8.991835577243274,Train
-5.5104,-5.610396120693864,Train
5.453,5.523916291252047,Train
-2.7552,-2.779721252143351,Train
3.2718,3.1493013087643433,Train
-3.3292,-3.130920432057949,Train
11.9392,11.803617649987888,Train
8.897,8.616944575279224,Train
12.2262,12.31237977307388,Train
15.5554,15.628308969640475,Train
11.9392,11.938066709185387,Train
4.592,4.4535944382278405,Train
7.1176,7.0376441976223125,Train
10.6764,10.5236252009916,Train
5.7974,5.864991721921826,Train
18.081,18.172355568639706,Train
22.9026,22.832875418712938,Train
-7.0602,-7.064977380941628,Train
4.305,4.451383685099892,Train
-2.4108,-2.4252721693301713,Train
-6.1418,-5.990544353095099,Train
-11.9966,-11.838420148350552,Train
2.2386,2.3059322298603804,Train
11.767,11.670483207216297,Train
14.2926,14.31115901103959,Train
11.4226,11.311042845219353,Train
11.3078,11.299494208947033,Train
-16.359,-16.18517816798175,Train
1.3776,1.2866975263364178,Train
-16.1868,-16.079266426220745,Train
4.6494,4.746775585654779,Train
6.4862,6.645973882254428,Train
11.3078,11.291532517186024,Train
4.018,3.911473838269355,Train
11.0782,10.979688589728871,Train
-13.0298,-13.056542566592052,Train
10.2172,10.34764586256101,Train
-12.628,-12.608348345732773,Train
23.5914,23.485660003015315,Train
11.8818,11.89989691011441,Train
5.2808,5.292192418177298,Train
12.8002,12.495368583463234,Train
-2.87,-2.906026148911941,Train
4.592,4.609942300114808,Train
-6.1418,-6.030535938908915,Train
-1.8368,-2.153148691853021,Train
11.48,11.822239664754102,Train
2.4682,2.339487483638222,Train
19.229,19.16216204344502,Train
15.2684,15.229213229239479,Train
-10.906,-11.092129895641307,Train
0.0574,-0.0034870531738243693,Train
14.5222,14.652036583237708,Train
12.2262,12.074111085792563,Train
0.3444,0.15103421820111823,Train
4.592,4.547080292255133,Train
4.305,4.325800285036926,Train
1.8368,1.9319186114418512,Train
0.1148,0.3139210944703091,Train
7.2898,7.236456242186768,Train
15.785,15.620125815546068,Train
12.1688,12.01260180669527,Train
4.0754,4.077145961190325,Train
-2.2386,-2.2513139486586486,Train
13.2594,13.507760419065821,Train
9.8154,9.615503961162672,Train
14.35,14.565168109296664,Train
-3.2718,-3.145974220002005,Train
16.933,17.280171486238423,Train
2.8126,2.9937215572922105,Train
13.2594,13.080730002113453,Train
18.7124,18.368304910865664,Train
-0.1722,-0.1350341559786126,Train
5.74,5.966039649740084,Train
9.184,8.882353844248644,Train
5.166,5.318257442961441,Train
15.5554,15.628308969640475,Train
13.3168,13.215418573246554,Train
8.897,8.939821489488912,Train
10.045,10.225958802013926,Train
4.8216,4.565172964938016,Train
3.7884,3.8131491189717743,Train
11.3078,11.363296035349379,Train
12.1688,12.054387924435565,Train
-1.2628,-1.2962992465082541,Train
10.332,10.400151801188292,Train
-3.0996,-3.0633492944563887,Train
18.4828,18.638485886906825,Train
1.2054,1.434533119852624,Train
16.3016,16.312005165738555,Train
9.8154,9.785591560872929,Train
9.3562,9.439682802368278,Train
0.9758,0.9779165832940312,Train
-2.1238,-2.163475234359693,Train
5.7974,5.530158593907686,Train
14.7518,14.941954223827256,Train
12.054,12.16035822762818,Train
14.2926,14.31115901103959,Train
0.0574,0.3165356544342263,Train
12.3984,12.447813274892576,Train
12.915,12.875282484692018,Train
13.202,13.355757124134039,Train
15.9572,15.894636533862009,Train
12.915,12.875282484692018,Train
6.888,6.914552064996326,Train
14.5222,14.426762857075039,Train
3.8458,3.6998387190191573,Train
0.861,0.7551230420611127,Train
-5.8548,-5.955853827235901,Train
9.8154,10.08104742488444,Train
9.5858,9.498992066988825,Train
19.229,19.16216204344502,Train
-3.444,-3.4707012342269477,Train
4.4198,4.514782547975067,Train
11.6522,11.938969564270327,Train
15.0388,15.15016696232449,Train
1.7794,1.7851220288112057,Train
9.9302,9.749130281848513,Train
-0.7462,-0.7596528563275554,Train
2.6978,2.663665616245415,Train
-2.9274,-2.656130107912294,Train
18.4828,18.406118491413796,Train
2.6978,2.962653168407331,Train
-8.036,-8.04747497422248,Train
15.2684,15.498366401633271,Train
-2.2386,-2.231616848214211,Train
5.3956,5.378535690940631,Train
-8.7248,-8.685258597389808,Train
12.628,12.495904612136155,Train
11.9392,11.922151073170289,Train
6.7158,6.550551044532373,Train
9.5284,9.169418959905856,Train
17.3348,17.67582981064109,Train
2.0664,2.099364685167102,Train
6.027,5.7900648366120695,Train
10.5042,10.4543935424767,Train
7.9786,7.788196247251585,Train
-7.8064,-7.558248176147841,Train
5.9696,6.0866102709474585,Train
14.637,14.672444647968565,Train
11.48,11.606059177429726,Train
10.906,10.886489937686937,Train
10.5616,10.36530842624194,Train
23.0174,23.03940530677583,Train
-0.9184,-1.1628428261071262,Train
6.7732,6.887150454485319,Train
14.5222,14.426762857075039,Train
18.1958,18.154391089078516,Train
-8.2082,-8.21920835665637,Train
67.4,67.33832865843627,Train
6.4288,6.335914486141908,Train
3.0996,2.9523809079677688,Train
16.0146,15.902794580110818,Train
-2.6978,-2.5538839647895633,Train
3.444,3.3083376384779655,Train
-0.9184,-0.8559971611233307,Train
10.7912,10.883374190109226,Train
11.9966,11.779257498915689,Train
4.8216,4.897093710192048,Train
18.1384,18.0964180705521,Train
19.4012,19.393155997562122,Train
11.0208,10.893231809471509,Train
11.7096,11.763634219505107,Train
4.0754,4.172480762253945,Train
3.0422,3.2914290685620524,Train
9.3562,9.343352455232846,Train
-8.3804,-8.359135538805068,Train
19.4586,19.438812667502184,Train
7.1176,7.115970384326434,Train
-1.0906,-0.9751692619508016,Train
18.4254,18.283718256275634,Train
4.6494,4.726671806485727,Train
17.507,17.521995363352982,Train
15.0388,15.096102934107957,Train
13.3742,13.530240209574636,Train
6.314,6.005463528773587,Train
11.9966,12.123739821998369,Train
-6.3714,-5.889846517671979,Train
1.2054,1.1806160403820944,Train
-6.027,-6.019923036088088,Train
3.731,3.6838916437439644,Train
4.3624,4.263861132606609,Train
13.776,13.814888748648999,Train
-5.74,-5.942517971200966,Train
11.3078,11.380223138357946,Train
8.2082,8.016577615252444,Train
-3.9606,-3.8274005550513803,Train
5.8548,6.057931331284521,Train
-0.1722,0.009566629861219632,Train
13.776,13.85247726198409,Train
5.2234,5.383482891407538,Train
57.4,57.3154258508864,Train
5.2234,5.223634802960304,Train
12.1688,12.196199723432185,Train
9.5858,9.554453557402384,Train
-4.9364,-4.951908092420074,Train
5.0512,4.846987334662621,Train
12.341,12.365605827410086,Train
6.888,6.709911938652772,Train
7.6916,7.783365882123586,Train
14.637,14.672444647968565,Train
13.7186,13.700069412867434,Train
3.444,3.428193027663062,Train
2.9274,2.9111572366958427,Train
8.9544,8.951464209156953,Train
9.3562,9.251266456806057,Train
2.009,1.8020874752687142,Train
12.3984,12.414599605746604,Train
18.1958,18.154391089078516,Train
3.731,3.702365927796774,Train
-7.6342,-7.929278411972465,Train
-5.74,-5.456088331631255,Train
2.3534,2.1972424037913814,Train
7.749,7.630518662807287,Train
13.3168,13.215418573246554,Train
-2.4682,-2.5633833844854754,Train
19.4586,19.438812667502184,Train
0.4592,0.4128449922002312,Train
14.2926,14.120773261627676,Train
18.5402,18.5714637858532,Train
0.7462,0.5015889936984024,Train
11.8818,11.9335394276538,Train
11.7096,11.763634219505107,Train
6.0844,5.7972381015424395,Train
10.1598,9.887985685986548,Train
10.5616,10.671378182168926,Train
4.305,4.335176681289325,Train
5.166,5.31742402722504,Train
13.7186,13.700069412867434,Train
-3.0422,-3.12463613267716,Train
1.722,1.7615900881566517,Train
1.148,1.335040823028738,Train
8.61,8.61263207769092,Train
15.0388,14.828309831239883,Train
-1.0906,-1.0726315757310048,Train
10.9634,11.090588820873947,Train
4.879,4.841839714379606,Train
6.4862,6.302947059031852,Train
-0.1148,-0.3775922292417498,Train
18.1384,18.0964180705521,Train
19.4586,19.388337204784026,Train
3.5588,3.455936751892784,Train
3.2144,3.012361123798158,Train
9.471,9.515175847408349,Train
15.498,15.437872622674973,Train
2.1238,2.2216345897408356,Train
4.2476,4.354411390180646,Train
-6.9454,-7.036915825890352,Train
12.915,12.875282484692018,Train
9.758,9.953655950800917,Train
2.0664,2.1373991392842115,Train
7.9786,7.788196247251585,Train
-2.1812,-2.0163154279258233,Train
-0.7462,-0.6507508458391735,Train
2.7552,2.642463475905605,Train
7.175,7.186835261421971,Train
21.9268,21.91557111079339,Train
7.8064,7.951134613945888,Train
20.8362,20.77223386902452,Train
14.35,14.348485157843957,Train
13.3168,13.349648662913605,Train
21.1232,21.127149585993333,Train
12.341,12.181318474361113,Train
2.6978,2.741633692192072,Train
13.776,13.645022399434728,Train
-1.0332,-0.9973777449116956,Train
1.148,0.976238988076554,Train
13.8908,13.847167909631068,Train
13.489,13.407017426803376,Train
3.731,3.791070313355431,Train
8.8396,8.789280668715403,Train
19.9752,19.861362049867928,Train
5.3956,5.494457903962495,Train
3.2144,3.3479092306840026,Train
14.35,14.348485157843957,Train
14.637,14.672444647968565,Train
6.7158,6.550551044532373,Train
14.5222,14.426762857075039,Train
8.323,8.27188565376138,Train
3.3866,3.171895889440102,Train
7.175,7.326169749059051,Train
11.3078,11.299494208947033,Train
14.637,14.672444647968565,Train
18.3106,18.42392965667828,Train
9.6432,9.658519912009185,Train
12.341,12.396645400304443,Train
12.1114,12.175118240099488,Train
-0.9184,-0.8559971611233307,Train
22.2712,22.249732540010513,Train
-11.0782,-10.975345501974106,Train
10.7912,10.707562779378296,Train
17.5644,17.47048715866168,Train
17.3922,17.227952785878326,Train
9.0692,9.109315077469681,Train
5.6826,5.722662492439115,Train
4.6494,4.726671806485727,Train
8.7248,8.815480396235687,Train
8.2082,8.275586663137446,Train
1.148,1.2373664702670673,Train
5.9122,5.919995254078092,Train
11.9966,12.123739821998369,Train
12.8576,13.131123123481041,Train
0.4018,0.5437749208072019,Train
7.2898,7.236456242186768,Train
3.3292,3.7331993870141993,Train
11.3078,11.291532517186024,Train
4.5346,4.404038450813912,Train
14.2926,14.120773261627676,Train
13.202,13.355757124134039,Train
19.9178,19.8555913027952,Train
15.3258,15.275947623777494,Train
12.2836,12.155353727751134,Train
-7.6916,-7.5233335636292535,Train
15.8424,15.721465724819447,Train
3.731,3.8187386683825344,Train
1.4924,1.379807480709666,Train
2.3534,2.287374335063374,Train
-1.2628,-1.3095201291955723,Train
1.7794,1.9439115113344547,Train
1.7794,1.6034223758099786,Train
-1.3202,-1.1272703668863042,Train
10.2746,10.021820846037851,Train
6.0844,6.228312730542307,Train
14.5222,14.426762857075039,Train
12.2262,12.31237977307388,Train
-4.592,-4.816431147154503,Train
13.0298,12.905682802639928,Train
8.1508,8.105855986916609,Train
3.2718,3.2828870102761605,Train
13.489,13.30563978526118,Train
12.3984,12.414599605746604,Train
-5.5104,-5.534250626792768,Train
-4.592,-4.620044881787408,Train
16.4738,16.28028466222046,Train
19.4012,19.393155997562122,Train
0.9758,1.0199010183672772,Train
3.5588,3.4703694401493532,Train
8.0934,8.085526886049365,Train
1.5498,1.7618784765951578,Train
8.2656,8.451849760269289,Train
-0.7462,-0.3552680957547147,Train
5.3382,5.528247219100856,Train
19.4012,19.393155997562122,Train
7.4046,7.590921021953829,Train
12.3984,12.414599605746604,Train
13.776,13.811857391558078,Train
16.1868,16.04020264276279,Train
2.0664,2.248942831387219,Train
12.2836,12.375394929214696,Train
19.4012,19.393155997562122,Train
16.072,15.954132987398173,Train
13.5464,13.374642395574616,Train
10.5042,10.4543935424767,Train
-1.4924,-1.4771831129739703,Train
9.1266,9.187863557136591,Train
8.2082,8.508362656444234,Train
1.9516,2.185918317945526,Train
-4.018,-4.173729953080748,Train
-1.8942,-1.7974529013599267,Train
15.8424,15.721465724819447,Train
10.2172,10.444070097328904,Train
5.3956,5.494457903962495,Train
13.2594,13.328240619063875,Train
-6.2566,-6.138175332090221,Train
12.054,11.98363978123772,Train
-0.9758,-0.9305223543659942,Train
-10.906,-10.796151795039068,Train
-3.8458,-3.897784286215159,Train
-1.2054,-1.4888985174955773,Train
8.3804,8.434588049895119,Train
9.471,9.515175847408349,Train
5.8548,5.53860228297135,Train
-6.1418,-6.39434426496297,Train
16.1868,16.04020264276279,Train
12.2836,12.31419930997687,Train
9.6432,9.658519912009185,Train
1.722,1.873563959125118,Train
14.063,14.055302415325112,Train
-12.628,-12.612219427004842,Train
-6.4288,-6.201251827551708,Train
6.7732,6.865617782522471,Train
10.045,9.769466063508473,Train
1.722,1.765500592138885,Train
13.776,13.811857391558078,Train
12.2262,12.31237977307388,Train
4.7642,4.814544737119191,Train
12.1114,12.175118240099488,Train
0.5166,0.1669213843434476,Train
9.758,9.795321575214846,Train
7.6342,7.66027198242329,Train
11.3652,11.416302865261436,Train
21.1232,21.127149585993333,Train
8.897,8.843617385979028,Train
1.5498,1.7335011288198754,Train
11.9392,11.950716093504406,Train
7.1176,7.0376441976223125,Train
9.758,9.953655950800917,Train
16.5886,16.648893915981432,Train
0.4592,0.6056420649757431,Train
11.0782,10.979688589728871,Train
18.7124,18.844738816854672,Train
-0.0574,-0.12868526227294247,Train
-10.3894,-10.37374398296696,Train
6.1418,6.080912812155731,Train
13.776,13.811857391558078,Train
6.314,6.265336813793545,Train
2.296,2.236818545966256,Train
8.4378,8.339551447517373,Train
3.8458,3.769190911886706,Train
13.7186,13.700069412867434,Train
8.5526,8.473698908504282,Train
-13.3168,-13.243792660795538,Train
5.3956,5.237179422231864,Train
9.471,9.643134211054992,Train
13.489,13.393093087622502,Train
21.1232,21.127149585993333,Train
2.1812,2.2248256933576633,Train
-5.8548,-5.688361212167791,Train
3.2144,3.3865332684267813,Train
13.3168,13.284075510631435,Train
8.4952,8.22204117005031,Train
12.1114,12.34241646222795,Train
-1.2628,-0.9443044145426738,Train
-6.4862,-6.701834588583997,Train
-3.2718,-3.375423525115131,Train
-1.6072,-1.7452504490027085,Train
8.4952,8.568031262642936,Train
8.8396,8.722880880123512,Train
7.6342,7.539812965725396,Train
4.7642,4.750065756605446,Train
4.592,4.635510187898672,Train
4.9938,5.039766341341919,Train
4.3624,4.29700438577732,Train
-12.7428,-12.611415927067883,Train
6.7158,6.974162927023448,Train
1.3776,1.5692711716460752,Train
8.036,7.867484441179121,Train
6.1992,6.46444590562068,Train
5.7974,5.730170232160963,Train
18.1384,18.0964180705521,Train
9.9302,10.091821040008597,Train
4.1328,3.9946907539971823,Train
-6.4288,-6.433939094030305,Train
3.731,3.791070313355431,Train
8.9544,8.811074511465659,Train
-1.9516,-2.120468544589629,Train
15.6128,15.666311589887517,Train
-7.5768,-7.618733870465749,Train
3.2718,3.1493013087643433,Train
18.5402,18.457719122819682,Train
5.9122,6.020786595244309,Train
12.8576,12.918395406267985,Train
-1.9516,-1.7628036338630846,Train
-12.2836,-12.208181171640643,Train
7.175,7.086525590076861,Train
7.4046,7.342722178179317,Train
3.6736,3.5868861771559004,Train
4.5346,4.490423281566812,Train
23.821,23.704053144453493,Train
-9.2414,-9.199353310694843,Train
15.785,15.90441660887733,Train
3.0422,3.100375710271047,Train
-3.6736,-3.465944669226775,Train
6.0844,5.884191400118386,Train
4.1328,3.9946907539971823,Train
14.2926,14.275195571237623,Train
3.5588,3.7851462262105517,Train
4.592,4.7482497615027155,Train
0.4018,0.21552658782749656,Train
7.6916,7.59201633951821,Train
9.8728,9.721910495518147,Train
7.0028,7.178634099733604,Train
-1.0906,-1.0726315757310048,Train
8.036,7.935487757460289,Train
6.0844,6.228312730542307,Train
8.0934,7.970471697478723,Train
5.6826,5.722662492439115,Train
-10.4468,-10.386676101113544,Train
8.036,8.120532127785424,Train
-6.9454,-6.988699562898861,Train
13.7186,13.86634969231517,Train
10.5616,10.671378182168926,Train
6.0844,5.848169300936103,Train
16.1868,16.13000503418677,Train
6.3714,6.3728141436743435,Train
-0.9758,-1.0670910526724824,Train
-0.9758,-0.9201650042192955,Train
5.166,5.166728443123695,Train
21.9268,21.907103845290678,Train
14.637,14.568794744124903,Train
9.0118,8.915179062958659,Train
8.1508,8.105855986916609,Train
7.3472,7.305825180995445,Train
4.7642,4.6050988635837555,Train
2.6978,2.8939714958162983,Train
9.184,9.070361367132968,Train
3.2144,3.443280523374595,Train
-10.8486,-10.83229081818236,Train
10.8486,10.84554477028307,Train
13.3742,13.196075081793529,Train
13.9482,13.875139578928595,Train
14.4648,14.7109145774813,Train
9.1266,8.997784339508971,Train
10.1598,9.993304662262892,Train
-6.888,-6.843266291665435,Train
11.3078,11.603829253443516,Train
7.0028,7.141781094100333,Train
-2.7552,-2.699941157722717,Train
16.933,16.917187134579063,Train
10.8486,11.202724244407749,Train
12.054,12.072087529369673,Train
5.6826,5.722662492439115,Train
16.1294,16.05293515422336,Train
10.332,10.140302875766556,Train
13.202,13.275201962186719,Train
8.7822,8.69819047320126,Train
1.8368,2.0515781224558194,Train
8.7822,9.023563053856652,Train
3.2718,3.177899504945259,Train
-2.1812,-2.353819508343292,Train
14.2352,14.180659464349507,Train
10.332,10.068367548279115,Train
-13.0298,-12.91037866092871,Train
12.7428,12.812407782629053,Train
5.0512,5.084323899991519,Train
4.0754,4.132245317783463,Train
13.1446,13.063479829886496,Train
-11.0208,-10.926542582154784,Train
13.6038,13.461388981109824,Train
-2.3534,-2.513744270222914,Train
1.3776,1.3925161172724645,Train
1.722,1.7615900881566517,Train
11.5948,11.677712540936396,Train
17.507,17.521995363352982,Train
15.9572,15.88565977854656,Train
1.7794,1.965151649319615,Train
13.7186,13.681823264054573,Train
4.7068,4.787383933798762,Train
6.1418,6.350382987614801,Train
18.0236,18.063303231649094,Train
6.1992,6.2494361147804804,Train
18.1384,18.1170917388868,Train
3.8458,3.9104900236074434,Train
15.8424,15.89108305533224,Train
2.583,2.7013452106803455,Train
12.5132,12.526347942140449,Train
-6.027,-5.698924973347722,Train
5.74,5.6626119600825975,Train
13.3168,13.36020538932586,Train
9.184,9.053746216861658,Train
8.4378,8.506119484961275,Train
-0.574,-0.6583260327122741,Train
0.4592,0.6171700209485879,Train
18.1384,18.126657156596245,Train
11.2504,11.146381999766078,Train
-8.7822,-8.776374793699283,Train
19.4586,19.438812667502184,Train
3.7884,3.753492002322081,Train
1.3202,1.5190126354125224,Train
1.435,1.2380071013741678,Train
-10.9634,-10.900961828759275,Train
2.9274,3.0560374830693795,Train
-3.0422,-3.1453085874375266,Train
10.9634,11.090588820873947,Train
12.9724,12.99471128026994,Train
12.5132,12.526347942140449,Train
7.0028,6.954158898892146,Train
11.0782,11.052184386669747,Train
-5.3956,-5.139282556572665,Train
7.1176,7.115970384326434,Train
11.8818,11.950306412672855,Train
4.305,4.375595239008336,Train
12.054,12.2337123951029,Train
-6.1418,-6.069835232239545,Train
4.3624,4.308183425116824,Train
3.157,3.122942864892606,Train
-10.7912,-10.71187956428321,Train
4.3624,4.344938738071185,Train
14.0056,13.986450998983043,Train
4.3624,4.231206395536541,Train
1.3776,1.522314430545219,Train
14.2352,14.201910771722908,Train
15.3258,15.41119726346241,Train
-9.184,-9.018662117054609,Train
16.1294,16.207337676955646,Train
-3.0422,-3.109520148085838,Train
7.3472,7.236770066213753,Train
4.7068,4.787383933798762,Train
16.2442,16.114113042912646,Train
6.7732,6.65076215291452,Train
11.8818,11.759289185625299,Train
11.8818,11.9335394276538,Train
16.0146,15.902794580110818,Train
8.036,8.04290980295113,Train
14.2352,14.180659464349507,Train
4.0754,4.212966004861827,Train
18.1384,18.0964180705521,Train
4.305,4.373726942383953,Train
7.6342,7.509068701186375,Train
13.8908,13.985222218474602,Train
17.9088,17.83968720742433,Train
0.1722,0.3433406047144858,Train
11.1356,11.163399941626864,Train
16.1868,16.13000503418677,Train
9.0118,8.911395995293358,Train
10.906,11.119985072637343,Train
15.6702,15.512488144854736,Train
12.1114,12.265499654699632,Train
-2.2386,-2.2578013361952687,Train
4.6494,4.48356407384781,Train
13.2594,13.328240619063875,Train
2.1238,2.112269698378747,Train
0.5166,0.34057668957002274,Train
0.1148,0.4299614026695739,Train
1.0906,0.9915695747033515,Train
16.5312,16.541970987348574,Train
-10.045,-9.943302868100826,Train
17.8514,18.125760535081533,Train
-2.6978,-2.4798332191743544,Train
1.148,1.2556249191443203,Train
-1.722,-1.6656535149909715,Train
-1.0332,-1.0917013256496864,Train
3.6736,3.8119421048269926,Train
0.1722,0.09400128672701333,Train
13.1446,13.083445083690933,Train
16.8756,16.853198881309275,Train
-1.9516,-1.6787004181044767,Train
-10.7912,-10.676873506193376,Train
10.5616,10.49258497734279,Train
12.6854,12.73099527484799,Train
21.1232,21.127149585993333,Train
4.879,4.76601120678254,Train
15.0388,15.096102934107957,Train
4.3624,4.231206395536541,Train
9.9302,10.064158219727851,Train
8.7822,8.878266488609404,Train
5.3956,5.136888931209224,Train
11.3078,11.363296035349379,Train
12.915,12.875282484692018,Train
15.211,15.279440371677143,Train
10.7338,10.573082015973007,Train
10.332,10.171205418125348,Train
19.4586,19.346211427645724,Train
16.3016,16.277404071073782,Train
14.35,14.14049140097253,Train
12.2262,12.213258529205293,Train
9.471,9.240357453346721,Train
17.507,17.521995363352982,Train
6.7158,6.550551044532373,Train
10.045,10.051823628149247,Train
19.9178,19.937906258895016,Train
4.8216,4.8487824006894105,Train
-0.2296,-0.0682003393708826,Train
-1.9516,-1.6890871263418366,Train
1.2628,1.3956833523107175,Train
5.3382,5.710159136446054,Train
-9.471,-9.338507814203346,Train
14.8092,14.543196541088761,Train
15.211,15.279440371677143,Train
2.7552,2.832794196358065,Train
1.0332,1.0803276928534535,Train
11.8244,11.70942202742701,Train
1.0906,1.0940481316544899,Train
9.6432,9.535651089542952,Train
9.758,9.751544129625938,Train
11.5374,11.520105973780186,Train
0.6888,0.592165326791348,Train
12.2262,12.213258529205293,Train
2.296,2.306146450269646,Train
7.9786,7.792469528245114,Train
19.9752,19.963869009323044,Train
21.1232,21.127149585993333,Train
-3.444,-3.4119892503615543,Train
5.3382,5.557925134533227,Train
4.1328,4.341074981724638,Train
9.5858,9.832240152507852,Train
-2.296,-2.401704754179695,Train
10.9634,11.169395563852719,Train
11.3078,11.422322719576263,Train
13.3168,13.36020538932586,Train
7.0028,7.088620391311715,Train
6.6584,6.597688344724856,Train
15.5554,15.628308969640475,Train
18.1384,18.0964180705521,Train
-9.8154,-9.754461046477681,Train
-14.063,-13.682865706137534,Train
9.184,9.42473009079052,Train
16.1868,16.13000503418677,Train
9.2988,8.792690397269089,Test
11.5374,11.520105973780186,Test
0.0,0.1386406191106339,Test
11.5948,11.712540162830786,Test
16.1868,16.13000503418677,Test
15.3258,15.275947623777494,Test
-2.7552,-1.959305199165714,Test
-3.8458,-2.2428917564307644,Test
-12.1114,-7.965316269362863,Test
18.1384,18.0964180705521,Test
4.879,4.76601120678254,Test
0.8036,0.7126891228075017,Test
11.8818,11.950306412672855,Test
-0.0574,-1.175066558074871,Test
8.1508,7.858941118873434,Test
16.7034,15.809645065468795,Test
12.8002,12.495368583463234,Test
1.3202,1.5190126354125224,Test
7.4046,6.622664088870872,Test
8.7822,8.433260255674718,Test
6.314,6.165168103611869,Test
-4.0754,-3.814158387631227,Test
11.7096,10.556813336017123,Test
13.4316,11.90314429887103,Test
-0.2296,-6.321635229159529,Test
4.4198,4.722703552152881,Test
5.8548,5.465571388367528,Test
9.0692,9.764877111390906,Test
1.6646,4.013061542757712,Test
8.8396,8.789280668715403,Test
9.0118,8.18798190203042,Test
14.6944,14.808293490486426,Test
0.6314,2.3293770058783183,Test
13.202,14.866762079304811,Test
3.2144,2.9733019412611528,Test
-2.3534,-3.0191248509164024,Test
3.5014,3.643890873597056,Test
5.6252,5.672087509731034,Test
-3.3292,-3.014190545673377,Test
10.9634,11.090588820873947,Test
14.4074,13.998048856929731,Test
6.4288,6.38796004008897,Test
-2.3534,-1.128605279703773,Test
8.4378,8.239916635165471,Test
2.296,2.271096315740906,Test
18.368,17.717640697461153,Test
57.4,17.69020857871347,Test
8.036,8.04290980295113,Test
13.8334,13.764939892196708,Test
1.3776,1.4597878847509935,Test
10.906,10.682377976284679,Test
15.3258,15.275947623777494,Test
-4.4198,-4.991429357265299,Test
-12.4558,-11.29832277495398,Test
5.8548,6.057931331284521,Test
9.3562,8.523763700777357,Test
8.323,8.334861566771952,Test
16.7034,16.777753929668727,Test
7.175,7.2193652903926955,Test
10.7338,10.573082015973007,Test
-2.7552,-3.3664378938409247,Test
18.8272,18.911873783331277,Test
7.3472,5.426677531615944,Test
3.5014,5.5700804707035205,Test
-9.2988,-8.899222472753323,Test
0.4592,0.9137754186776065,Test
-2.1812,-2.165940193323456,Test
15.9572,15.779611182538314,Test
-5.453,-3.0045540118331875,Test
1.0332,-2.165274512727818,Test
9.5858,9.484838714313806,Test
15.785,15.064304758125362,Test
-12.628,-12.608348345732773,Test
7.5194,5.559424185271668,Test
11.193,11.212414719427256,Test
15.0388,15.15016696232449,Test
-4.2476,-3.7298415860268457,Test
10.2746,10.420861366869401,Test
13.8334,13.764939892196708,Test
12.4558,12.886063622176023,Test
-6.3714,-5.676664444098378,Test
0.9184,-1.6690999855757593,Test
0.0,0.1386406191106339,Test
-2.1812,-5.192623063964635,Test
3.7884,3.8131491189717743,Test
-7.175,-7.646486072946265,Test
12.2836,12.375394929214696,Test
14.924,14.92687734237315,Test
13.0298,12.905682802639928,Test
2.1812,2.2248256933576633,Test
1.8942,2.413421322479831,Test
8.0934,8.984702219805236,Test
9.2414,10.158754247930633,Test
6.3714,6.56284108063116,Test
-0.6314,-1.6322714517425814,Test
-12.054,-11.306373222923686,Test
-13.9482,-13.434054554676608,Test
4.9938,2.920845626381047,Test
-0.9184,-1.4877940887519687,Test
5.8548,5.999607008708379,Test
8.3804,8.1417412850069,Test
11.193,10.849121239896297,Test
18.4828,18.25272233344635,Test
9.5858,7.14582520852643,Test
3.6736,2.8762651564395263,Test
-0.9184,-0.9937442937474816,Test
0.1722,1.452484718807754,Test
3.5588,3.7851462262105517,Test
8.1508,9.201309058633665,Test
5.3956,5.17145525609532,Test
13.3742,11.738897265126683,Test
9.758,9.751544129625938,Test
-4.4198,-3.7664726685755663,Test
17.507,17.521995363352982,Test
10.6764,9.865434011238776,Test
6.0844,6.202943408228868,Test
0.1722,1.6817322179748526,Test
2.5256,1.506144564603099,Test
-1.722,-2.2134940063316777,Test
7.749,7.42460420707186,Test
9.8154,10.116735028058224,Test
3.5588,3.7072963784746675,Test
15.8424,15.831912206326484,Test
8.2656,8.366056522367487,Test
1.148,2.922058034378569,Test
-3.157,-2.6364042551513887,Test
8.0934,5.703789419383159,Test
22.386,22.646599078728734,Test
-5.0512,-5.443285123768365,Test
9.4136,8.02162966979075,Test
-1.0906,-1.0372642059903354,Test
10.3894,10.710398725593665,Test
11.2504,11.146381999766078,Test
18.1384,18.0964180705521,Test
0.9184,0.4695964361607772,Test
5.5104,7.203968080288092,Test
14.2352,14.827294815496915,Test
-3.7884,-2.9679553071889444,Test
2.6404,3.567452525954573,Test
11.8244,11.70942202742701,Test
-0.0574,0.9039768159810687,Test
6.4288,4.622401612090167,Test
6.4288,4.628108175019118,Test
13.202,12.711440706668972,Test
-15.0962,-7.0183963651529595,Test
-3.7884,-3.842190700031107,Test
12.1114,12.01708145494974,Test
-7.462,-7.29626751955236,Test
10.5042,10.991949332293256,Test
4.5346,4.248373511514645,Test
3.444,3.7728577444026388,Test
1.7794,1.5663489869035654,Test
0.6314,2.3293770058783183,Test
3.8458,6.361745441453519,Test
-1.0906,-1.1425828006657404,Test
8.897,9.090442379553078,Test
-1.8942,-1.687229878780817,Test
7.6916,8.135681807615375,Test
4.4772,2.351335760383006,Test
10.906,11.362628615628866,Test
-2.6404,-7.809365310283701,Test
14.4074,14.357084255891392,Test
15.8424,16.473327963909018,Test
6.3714,6.3728141436743435,Test
15.4406,15.406807945290856,Test
13.489,13.393093087622502,Test
-9.0692,-8.655877792353692,Test
14.8092,15.536026192592805,Test
-0.6314,-1.4865747967562257,Test
3.8458,3.9826718364483304,Test
-2.0664,-1.0475776824523384,Test
14.8092,15.536026192592805,Test
-13.776,-11.641574722970908,Test
-3.5014,-3.2402448343992343,Test
11.767,11.824837110149982,Test
10.906,10.945439241635732,Test
22.7304,22.72440832236725,Test
16.1868,15.053029766785887,Test
0.4592,0.6056420649757431,Test
6.7158,6.2918351489456885,Test
1.9516,4.261683178641195,Test
-8.6674,-5.921344334064826,Test
4.7068,4.613026108219906,Test
2.7552,0.3943254051414413,Test
4.5346,4.248373511514645,Test
-11.8818,-12.053647204998908,Test
9.184,9.053746216861658,Test
18.1384,18.0964180705521,Test
19.9178,19.8555913027952,Test
7.9786,6.579416715632581,Test
15.1536,14.708691544092865,Test
2.4108,2.6923533318746364,Test
14.063,13.94600278093783,Test
-1.8368,-1.9419042564621738,Test
21.9842,22.354132707250137,Test
6.4288,4.628108175019118,Test
-6.6584,-6.125546054847075,Test
2.8126,3.8077102855356038,Test
13.6612,12.700008631267094,Test
13.3168,13.28968039148844,Test
0.6888,1.0722793793692675,Test
16.1868,16.13000503418677,Test
13.489,12.632734652190912,Test
13.489,13.30563978526118,Test
3.6736,5.558699082452732,Test
-15.785,-14.379990061195231,Test
11.0782,10.707382258449714,Test
7.0028,6.668809676790311,Test
-0.4592,-0.8213394983725387,Test
15.0388,14.828309831239883,Test
3.8458,4.8060041603081975,Test
18.1384,18.0964180705521,Test
-0.3444,-0.7446878992012494,Test
4.6494,6.804340108989202,Test
4.4772,4.175476739198873,Test
15.4406,15.565014906186514,Test
18.1384,18.0964180705521,Test
3.3866,3.7499699846276373,Test
12.2836,12.356002357146414,Test
4.592,4.478104705052638,Test
0.9758,0.9779165832940312,Test
19.4586,19.346211427645724,Test
9.8154,10.509495540076053,Test
1.7794,1.9439115113344547,Test
10.4468,10.1213444494912,Test
-5.5104,-5.737437451738347,Test
7.0602,6.878728892900081,Test
-2.7552,-1.4646078677117296,Test
5.6252,5.302210845891839,Test
10.7912,10.883374190109226,Test
12.2262,16.228547713306984,Test
-12.4558,-12.15705458287033,Test
-1.0906,-1.9701136114018367,Test
0.861,1.0332681929369152,Test
15.9572,15.88565977854656,Test
-15.3832,-11.959773820143848,Test
0.287,0.05296131667106913,Test
2.6404,3.977547103214654,Test
-2.6978,-4.573834140744998,Test
8.1508,7.858941118873434,Test
1.3202,2.2427082945579038,Test
8.61,8.92605485867474,Test
6.4288,5.085261052066923,Test
21.9268,17.960049030424106,Test
4.1902,2.49550379522683,Test
5.6252,6.204931088394174,Test
9.471,9.633102048334264,Test
-8.7822,-8.361667653696658,Test
10.5042,10.991949332293256,Test
5.6826,6.942226222087534,Test
-1.3776,0.7472521311147076,Test
12.2836,11.91774125124865,Test
1.3202,-0.11913129138963027,Test
1.8368,1.1804183167211066,Test
10.2172,11.35657367503759,Test
12.2262,12.047124089227383,Test
2.8126,2.919810058461808,Test
15.498,15.346761866819651,Test
8.897,6.543069536426561,Test
3.6736,2.8592229238193725,Test
13.1446,12.908695778750642,Test
-3.3866,-2.4778855105006166,Test
15.211,15.380671604481897,Test
-4.7068,-6.515356653994416,Test
18.0236,18.158705923309725,Test
9.2988,9.407566802479513,Test
5.166,5.374508344333052,Test
16.646,17.521994210041978,Test
0.1722,0.09800846788848867,Test
17.9088,16.817612783612912,Test
15.785,15.620125815546068,Test
20.2622,20.097532169885177,Test
1.6072,3.4853441888780243,Test
-0.0574,-0.5491049417979033,Test
9.0118,8.767207842682314,Test
-2.8126,-2.9177947183560797,Test
8.897,8.858525192505393,Test
8.8396,8.722880880123512,Test
11.0782,10.357710217028195,Test
1.4924,1.8391830962480122,Test
4.592,4.609942300114808,Test
14.35,14.344871980019912,Test
-1.6072,-1.2220095813496326,Test
-0.574,-0.6583260327122741,Test
5.3956,8.140276550805162,Test
5.74,5.6626119600825975,Test
5.6252,4.803626663858063,Test
-11.4226,-11.807150806678262,Test
15.8424,16.163453628898235,Test
19.803,19.693942638333386,Test
4.1902,4.557469150840557,Test
10.5616,10.515704664361673,Test
15.6702,15.512488144854736,Test
5.7974,5.730170232160963,Test
10.1024,10.162421851141119,Test
-1.0906,-1.0372642059903354,Test
19.6308,19.442418465520962,Test
17.1626,17.864348922070846,Test
7.5768,7.935811946706648,Test
8.897,8.858525192505393,Test
0.6888,2.8891798038548338,Test
-7.8064,-5.508575414436965,Test
3.9032,4.006751490460286,Test
6.4288,4.622401612090167,Test
0.6314,0.6993421174587292,Test
-3.7884,-2.708934103716189,Test
10.2172,9.705068360250545,Test
18.1384,18.0964180705521,Test
10.5042,10.991949332293256,Test
1.0906,1.1011005205634503,Test
3.6736,2.8762651564395263,Test
1.2628,0.9350974989396419,Test
0.6888,1.5971621966540497,Test
9.6432,9.462283617968827,Test
7.8064,8.651003282846755,Test
10.045,10.225958802013926,Test
-2.4682,-4.313540359768616,Test
-15.1536,-11.727622830151688,Test
16.1294,16.094506135246718,Test
10.4468,9.708816651239001,Test
5.2808,5.900033534287881,Test
5.453,5.717565048892056,Test
7.8638,8.326507132289457,Test
5.9122,5.932425096269859,Test
13.0298,11.582106469520065,Test
1.5498,1.4799862201653609,Test
9.0692,9.764877111390906,Test
12.1114,12.01708145494974,Test
2.6978,2.741633692192072,Test
6.7732,6.51787632318023,Test
8.61,8.92605485867474,Test
6.888,6.6976462855072,Test
7.2324,7.10899656261535,Test
0.6314,0.023149603117867623,Test
7.749,6.480245265845916,Test
11.767,11.824837110149982,Test
5.0512,6.059530338259017,Test
12.8576,13.741070697924448,Test
20.2622,19.512110770432674,Test
0.1722,1.0222168070258533,Test
11.193,11.212414719427256,Test
9.8154,9.672279121088666,Test
-6.4288,-6.384657071944455,Test
7.1176,8.368738849812697,Test
2.9848,2.98493487341524,Test
-14.2926,-10.790970704562465,Test
0.9184,0.4695964361607772,Test
-11.7096,-7.481867645369936,Test
15.1536,15.268069514976998,Test
5.5678,6.500575499878427,Test
-12.054,-9.770789221815043,Test
9.9876,9.869679410139716,Test
2.4108,2.6413067521318996,Test
-9.758,-8.326998986595882,Test
1.9516,-1.1198694737947086,Test
8.3804,8.641629444795555,Test
1.8368,1.8227206652566317,Test
12.054,12.072087529369673,Test
6.4862,6.519104961002107,Test
11.8244,11.902734555217254,Test
5.5678,5.412056495081702,Test
1.2628,0.4211172004845391,Test
12.054,11.982192784631518,Test
9.8154,9.615503961162672,Test
8.9544,8.811074511465659,Test
8.1508,7.122996293841884,Test
11.4226,11.340309173515243,Test
2.9274,0.9623959514065363,Test
14.5796,14.788942790822185,Test
-12.6854,-12.533864944086213,Test
-2.87,-2.4117981079721065,Test
-13.0872,-10.953962090352853,Test
1.7794,1.965151649319615,Test
-8.323,-8.727392376454954,Test
9.0118,8.606810986231404,Test
6.2566,5.985976081129154,Test
11.767,12.078455927087417,Test
5.166,2.496420627124698,Test
1.6072,3.4853441888780243,Test
2.1238,1.9734073435716655,Test
-4.9364,-1.8551467325887903,Test
-0.287,0.5761499756403511,Test
10.332,8.953732151036137,Test
5.5104,5.200744866234601,Test
7.8638,7.64950825440561,Test
15.7276,16.0795525525969,Test
-7.8064,-7.326435885034116,Test
6.601,6.128084963473312,Test
1.722,2.887410714825441,Test
-7.2324,-5.1430099718147515,Test
4.7642,4.814544737119191,Test
0.574,-0.19454256205354326,Test
14.2926,14.31115901103959,Test
12.054,10.23513949753901,Test
16.646,17.521994210041978,Test
